visual_id,artifact_type,title,output_path,format,source_artifacts,priority,target_section,width_or_rows,height_or_columns,status
M1,figure,Desenho temporal expanding-window e avaliação final,reports/figures/tcc/M1_temporal_design.png,png,reports/tables/phase_3d_temporal_folds.csv; reports/tables/phase_3d_partition_summary.csv,ESSENTIAL_METHODS,Metodologia — Desenho experimental,2964,1678,generated
M1,figure,Desenho temporal expanding-window e avaliação final,reports/figures/tcc/M1_temporal_design.svg,svg,reports/tables/phase_3d_temporal_folds.csv; reports/tables/phase_3d_partition_summary.csv,ESSENTIAL_METHODS,Metodologia — Desenho experimental,2964,1678,generated
F1,figure,Proporção de ocorrências graves em contrastes temporais selecionados,reports/figures/tcc/F1_temporal_contrasts.png,png,reports/tables/phase_2f_association_evidence_matrix.csv,ESSENTIAL,Resultados — Associações descritivas,3570,1458,generated
F1,figure,Proporção de ocorrências graves em contrastes temporais selecionados,reports/figures/tcc/F1_temporal_contrasts.svg,svg,reports/tables/phase_2f_association_evidence_matrix.csv,ESSENTIAL,Resultados — Associações descritivas,3570,1458,generated
F2,figure,Proporção de ocorrências graves em contrastes contextuais selecionados,reports/figures/tcc/F2_contextual_contrasts.png,png,reports/tables/phase_2f_association_evidence_matrix.csv,ESSENTIAL,Resultados — Associações descritivas,3270,2385,generated
F2,figure,Proporção de ocorrências graves em contrastes contextuais selecionados,reports/figures/tcc/F2_contextual_contrasts.svg,svg,reports/tables/phase_2f_association_evidence_matrix.csv,ESSENTIAL,Resultados — Associações descritivas,3270,2385,generated
F4,figure,Average Precision média na validação temporal,reports/figures/tcc/F4_model_average_precision.png,png,reports/tables/phase_4d_model_comparison.csv,ESSENTIAL,Resultados — Comparação dos modelos,2665,1553,generated
F4,figure,Average Precision média na validação temporal,reports/figures/tcc/F4_model_average_precision.svg,svg,reports/tables/phase_4d_model_comparison.csv,ESSENTIAL,Resultados — Comparação dos modelos,2665,1553,generated
F5,figure,Average Precision por ano de validação,reports/figures/tcc/F5_temporal_fold_average_precision.png,png,reports/tables/phase_4d_fold_comparison.csv,ESSENTIAL,Resultados — Validação temporal,2670,1737,generated
F5,figure,Average Precision por ano de validação,reports/figures/tcc/F5_temporal_fold_average_precision.svg,svg,reports/tables/phase_4d_fold_comparison.csv,ESSENTIAL,Resultados — Validação temporal,2670,1737,generated
F6,figure,Matriz de confusão em 2025 no threshold congelado,reports/figures/tcc/F6_confusion_matrix_2025.png,png,reports/tables/phase_4h_threshold_evaluation.csv; reports/tables/phase_4f_threshold_selection.csv,ESSENTIAL,Resultados — Avaliação final,2125,1670,generated
F6,figure,Matriz de confusão em 2025 no threshold congelado,reports/figures/tcc/F6_confusion_matrix_2025.svg,svg,reports/tables/phase_4h_threshold_evaluation.csv; reports/tables/phase_4f_threshold_selection.csv,ESSENTIAL,Resultados — Avaliação final,2125,1670,generated
F7,figure,Calibração descritiva das probabilidades em 2025,reports/figures/tcc/F7_calibration_2025.png,png,reports/tables/phase_4h_calibration.csv,USEFUL,Resultados/Discussão — Avaliação final,1654,1788,generated
F7,figure,Calibração descritiva das probabilidades em 2025,reports/figures/tcc/F7_calibration_2025.svg,svg,reports/tables/phase_4h_calibration.csv,USEFUL,Resultados/Discussão — Avaliação final,1654,1788,generated
F8,figure,Principais contribuições agregadas nas predições do XGBoost,reports/figures/tcc/F8_predictor_contributions.png,png,reports/tables/phase_4i_global_feature_contributions.csv,USEFUL,Fim de Resultados — Interpretação do modelo,2658,1938,generated
F8,figure,Principais contribuições agregadas nas predições do XGBoost,reports/figures/tcc/F8_predictor_contributions.svg,svg,reports/tables/phase_4i_global_feature_contributions.csv,USEFUL,Fim de Resultados — Interpretação do modelo,2658,1938,generated
A2,figure,Distribuição resumida dos scores por resultado da classificação,reports/figures/tcc/A2_score_outcome_summary.png,png,reports/tables/phase_4i_error_analysis.csv,APPENDIX,Apêndice — Diagnóstico do threshold,2670,1737,generated
A2,figure,Distribuição resumida dos scores por resultado da classificação,reports/figures/tcc/A2_score_outcome_summary.svg,svg,reports/tables/phase_4i_error_analysis.csv,APPENDIX,Apêndice — Diagnóstico do threshold,2670,1737,generated
M2,table,Conjunto principal de features e preprocessing,reports/tables/tcc/M2_features_preprocessing.csv,csv,reports/tables/phase_3b_primary_feature_set.csv; reports/tables/phase_3e_preprocessing_contract.csv,ESSENTIAL_METHODS,Metodologia — Variáveis e preprocessing,4,5,generated
T1,table,Caracterização anual da população de ocorrências,reports/tables/tcc/T1_population_characterization.csv,csv,reports/tables/phase_2a_year_summary.csv; reports/tables/phase_5c_key_numbers.csv,ESSENTIAL,Resultados — Caracterização da base,6,5,generated
T2,table,Avaliação temporal final em 2025,reports/tables/tcc/T2_final_2025_evaluation.csv,csv,reports/tables/phase_4h_development_comparison.csv; reports/tables/phase_4h_final_evaluation.csv,ESSENTIAL,Resultados — Avaliação final,6,5,generated
A1,table,Top 15 features transformadas por contribuição absoluta,reports/tables/tcc/A1_top15_transformed_features.csv,csv,reports/tables/phase_4i_transformed_feature_contributions.csv,APPENDIX,Apêndice — Interpretação detalhada,15,3,generated
A3,table,Métricas completas por fold e modelo,reports/tables/tcc/A3_fold_model_metrics.csv,csv,reports/tables/phase_4d_fold_comparison.csv,APPENDIX,Apêndice — Resultados completos,9,7,generated
A4,table,Contrastes descritivos selecionados,reports/tables/tcc/A4_selected_descriptive_contrasts.csv,csv,reports/tables/phase_5a_research_question_evidence.csv; reports/tables/phase_2f_association_evidence_matrix.csv,APPENDIX,Apêndice — Evidências descritivas,9,7,generated
REVIEW,review_contact_sheet,Contact sheet para revisão humana,reports/figures/tcc/review/phase_5d_contact_sheet.png,png,M1; F1; F2; F4; F5; F6; F7; F8; A2,REVIEW_ONLY,Revisão humana da Fase 5D,2235,1771,generated
